[
    {
        "Ім'я": "Павло Олександрович",
        "Прізвище": "Арабаджи",
        "Індивідуальний номер": "",
        "Заклад": "",
        "Відділ": "",
        "Електронна пошта": "arabadzhy.po@stud.2022.dut",
        "Завдання:Самостійне завдання №1 Основи вимог розробки програмного забезпечення (Бали)": "-",
        "Завдання:Самостійне завдання №2 Керуючі конструкції, рядки, колекції та функції у контексті формулювання вимог (Бали)": "-",
        "Завдання:Самостійне завдання №3 Рекурсія та модульна архітектура для специфікації вимог (Бали)": "-",
        "Завдання:Самостійне завдання №4 Основи об'єктно-орієнтованого програмування із фокусом на вимоги до програмного забезпечення (Бали)": "-",
        "Завдання:Самостійне завдання №5 Продвинуті аспекти ООП для вирішення складних завдань аналізу вимог і роботи з файлами (Бали)": "-",
        "Завдання:Самостійне завдання №6 Робота з базами даних у контексті вимог до якості ПЗ (Бали)": "-",
        "Завдання:Самостійне завдання №7 Розробка графічних додатків та ігор з урахуванням стандартів якості та вимог до ПЗ (Бали)": "-",
        "Завдання:Самостійне завдання №8 Розробка графічних додатків та ігор з урахуванням стандартів якості та вимог до ПЗ (Бали)": "-",
        "Завдання:Самостійне завдання №9 Введення у веб-розробку з Django: вимоги до якості та надійності веб-додатків (Бали)": "-",
        "Завдання:Самостійне завдання №10 Поглиблене вивчення Django з акцентом на високоякісну веб-розробку і вимоги до ПЗ (Бали)": "-",
        "Завдання:Самостійне завдання №11 Поглиблене вивчення Django з акцентом на високоякісну веб-розробку і вимоги до ПЗ (Template) (Бали)": "-",
        "Останні завантаження з цього курсу": "1715231409"
    },
    {
        "Ім'я": "Назар Юрійович",
        "Прізвище": "Барченко",
        "Індивідуальний номер": "",
        "Заклад": "",
        "Відділ": "",
        "Електронна пошта": "barchenko.ny@stud.2022.dut",
        "Завдання:Самостійне завдання №1 Основи вимог розробки програмного забезпечення (Бали)": "70.00",
        "Завдання:Самостійне завдання №2 Керуючі конструкції, рядки, колекції та функції у контексті формулювання вимог (Бали)": "-",
        "Завдання:Самостійне завдання №3 Рекурсія та модульна архітектура для специфікації вимог (Бали)": "-",
        "Завдання:Самостійне завдання №4 Основи об'єктно-орієнтованого програмування із фокусом на вимоги до програмного забезпечення (Бали)": "0.00",
        "Завдання:Самостійне завдання №5 Продвинуті аспекти ООП для вирішення складних завдань аналізу вимог і роботи з файлами (Бали)": "20.00",
        "Завдання:Самостійне завдання №6 Робота з базами даних у контексті вимог до якості ПЗ (Бали)": "-",
        "Завдання:Самостійне завдання №7 Розробка графічних додатків та ігор з урахуванням стандартів якості та вимог до ПЗ (Бали)": "-",
        "Завдання:Самостійне завдання №8 Розробка графічних додатків та ігор з урахуванням стандартів якості та вимог до ПЗ (Бали)": "-",
        "Завдання:Самостійне завдання №9 Введення у веб-розробку з Django: вимоги до якості та надійності веб-додатків (Бали)": "-",
        "Завдання:Самостійне завдання №10 Поглиблене вивчення Django з акцентом на високоякісну веб-розробку і вимоги до ПЗ (Бали)": "-",
        "Завдання:Самостійне завдання №11 Поглиблене вивчення Django з акцентом на високоякісну веб-розробку і вимоги до ПЗ (Template) (Бали)": "-",
        "Останні завантаження з цього курсу": "1715231409"
    },
    {
        "Ім'я": "Сергій Денисович",
        "Прізвище": "Бєсєдін",
        "Індивідуальний номер": "",
        "Заклад": "",
        "Відділ": "",
        "Електронна пошта": "besedin.sd@stud.2022.dut",
        "Завдання:Самостійне завдання №1 Основи вимог розробки програмного забезпечення (Бали)": "80.00",
        "Завдання:Самостійне завдання №2 Керуючі конструкції, рядки, колекції та функції у контексті формулювання вимог (Бали)": "-",
        "Завдання:Самостійне завдання №3 Рекурсія та модульна архітектура для специфікації вимог (Бали)": "-",
        "Завдання:Самостійне завдання №4 Основи об'єктно-орієнтованого програмування із фокусом на вимоги до програмного забезпечення (Бали)": "-",
        "Завдання:Самостійне завдання №5 Продвинуті аспекти ООП для вирішення складних завдань аналізу вимог і роботи з файлами (Бали)": "-",
        "Завдання:Самостійне завдання №6 Робота з базами даних у контексті вимог до якості ПЗ (Бали)": "-",
        "Завдання:Самостійне завдання №7 Розробка графічних додатків та ігор з урахуванням стандартів якості та вимог до ПЗ (Бали)": "-",
        "Завдання:Самостійне завдання №8 Розробка графічних додатків та ігор з урахуванням стандартів якості та вимог до ПЗ (Бали)": "-",
        "Завдання:Самостійне завдання №9 Введення у веб-розробку з Django: вимоги до якості та надійності веб-додатків (Бали)": "-",
        "Завдання:Самостійне завдання №10 Поглиблене вивчення Django з акцентом на високоякісну веб-розробку і вимоги до ПЗ (Бали)": "-",
        "Завдання:Самостійне завдання №11 Поглиблене вивчення Django з акцентом на високоякісну веб-розробку і вимоги до ПЗ (Template) (Бали)": "-",
        "Останні завантаження з цього курсу": "1715231409"
    },
    {
        "Ім'я": "Віталій Олександрович",
        "Прізвище": "Бурачик",
        "Індивідуальний номер": "",
        "Заклад": "",
        "Відділ": "",
        "Електронна пошта": "burachyk.vo@stud.2022.dut",
        "Завдання:Самостійне завдання №1 Основи вимог розробки програмного забезпечення (Бали)": "80.00",
        "Завдання:Самостійне завдання №2 Керуючі конструкції, рядки, колекції та функції у контексті формулювання вимог (Бали)": "79.00",
        "Завдання:Самостійне завдання №3 Рекурсія та модульна архітектура для специфікації вимог (Бали)": "80.00",
        "Завдання:Самостійне завдання №4 Основи об'єктно-орієнтованого програмування із фокусом на вимоги до програмного забезпечення (Бали)": "70.00",
        "Завдання:Самостійне завдання №5 Продвинуті аспекти ООП для вирішення складних завдань аналізу вимог і роботи з файлами (Бали)": "-",
        "Завдання:Самостійне завдання №6 Робота з базами даних у контексті вимог до якості ПЗ (Бали)": "-",
        "Завдання:Самостійне завдання №7 Розробка графічних додатків та ігор з урахуванням стандартів якості та вимог до ПЗ (Бали)": "-",
        "Завдання:Самостійне завдання №8 Розробка графічних додатків та ігор з урахуванням стандартів якості та вимог до ПЗ (Бали)": "-",
        "Завдання:Самостійне завдання №9 Введення у веб-розробку з Django: вимоги до якості та надійності веб-додатків (Бали)": "-",
        "Завдання:Самостійне завдання №10 Поглиблене вивчення Django з акцентом на високоякісну веб-розробку і вимоги до ПЗ (Бали)": "-",
        "Завдання:Самостійне завдання №11 Поглиблене вивчення Django з акцентом на високоякісну веб-розробку і вимоги до ПЗ (Template) (Бали)": "-",
        "Останні завантаження з цього курсу": "1715231409"
    },
    {
        "Ім'я": "Денис Олегович",
        "Прізвище": "Гаркавенко",
        "Індивідуальний номер": "",
        "Заклад": "",
        "Відділ": "",
        "Електронна пошта": "garkavenko.do@stud.2022.dut",
        "Завдання:Самостійне завдання №1 Основи вимог розробки програмного забезпечення (Бали)": "70.00",
        "Завдання:Самостійне завдання №2 Керуючі конструкції, рядки, колекції та функції у контексті формулювання вимог (Бали)": "79.00",
        "Завдання:Самостійне завдання №3 Рекурсія та модульна архітектура для специфікації вимог (Бали)": "70.00",
        "Завдання:Самостійне завдання №4 Основи об'єктно-орієнтованого програмування із фокусом на вимоги до програмного забезпечення (Бали)": "70.00",
        "Завдання:Самостійне завдання №5 Продвинуті аспекти ООП для вирішення складних завдань аналізу вимог і роботи з файлами (Бали)": "79.00",
        "Завдання:Самостійне завдання №6 Робота з базами даних у контексті вимог до якості ПЗ (Бали)": "80.00",
        "Завдання:Самостійне завдання №7 Розробка графічних додатків та ігор з урахуванням стандартів якості та вимог до ПЗ (Бали)": "60.00",
        "Завдання:Самостійне завдання №8 Розробка графічних додатків та ігор з урахуванням стандартів якості та вимог до ПЗ (Бали)": "-",
        "Завдання:Самостійне завдання №9 Введення у веб-розробку з Django: вимоги до якості та надійності веб-додатків (Бали)": "-",
        "Завдання:Самостійне завдання №10 Поглиблене вивчення Django з акцентом на високоякісну веб-розробку і вимоги до ПЗ (Бали)": "-",
        "Завдання:Самостійне завдання №11 Поглиблене вивчення Django з акцентом на високоякісну веб-розробку і вимоги до ПЗ (Template) (Бали)": "-",
        "Останні завантаження з цього курсу": "1715231409"
    },
    {
        "Ім'я": "Богдан Андрійович",
        "Прізвище": "Гридько",
        "Індивідуальний номер": "",
        "Заклад": "",
        "Відділ": "",
        "Електронна пошта": "grydko.ba@stud.2022.dut",
        "Завдання:Самостійне завдання №1 Основи вимог розробки програмного забезпечення (Бали)": "-",
        "Завдання:Самостійне завдання №2 Керуючі конструкції, рядки, колекції та функції у контексті формулювання вимог (Бали)": "-",
        "Завдання:Самостійне завдання №3 Рекурсія та модульна архітектура для специфікації вимог (Бали)": "80.00",
        "Завдання:Самостійне завдання №4 Основи об'єктно-орієнтованого програмування із фокусом на вимоги до програмного забезпечення (Бали)": "-",
        "Завдання:Самостійне завдання №5 Продвинуті аспекти ООП для вирішення складних завдань аналізу вимог і роботи з файлами (Бали)": "50.00",
        "Завдання:Самостійне завдання №6 Робота з базами даних у контексті вимог до якості ПЗ (Бали)": "-",
        "Завдання:Самостійне завдання №7 Розробка графічних додатків та ігор з урахуванням стандартів якості та вимог до ПЗ (Бали)": "-",
        "Завдання:Самостійне завдання №8 Розробка графічних додатків та ігор з урахуванням стандартів якості та вимог до ПЗ (Бали)": "-",
        "Завдання:Самостійне завдання №9 Введення у веб-розробку з Django: вимоги до якості та надійності веб-додатків (Бали)": "80.00",
        "Завдання:Самостійне завдання №10 Поглиблене вивчення Django з акцентом на високоякісну веб-розробку і вимоги до ПЗ (Бали)": "80.00",
        "Завдання:Самостійне завдання №11 Поглиблене вивчення Django з акцентом на високоякісну веб-розробку і вимоги до ПЗ (Template) (Бали)": "-",
        "Останні завантаження з цього курсу": "1715231409"
    },
    {
        "Ім'я": "Владислав Віталійович",
        "Прізвище": "Грицюк",
        "Індивідуальний номер": "",
        "Заклад": "",
        "Відділ": "",
        "Електронна пошта": "grytsiuk.vv@stud.2022.dut",
        "Завдання:Самостійне завдання №1 Основи вимог розробки програмного забезпечення (Бали)": "80.00",
        "Завдання:Самостійне завдання №2 Керуючі конструкції, рядки, колекції та функції у контексті формулювання вимог (Бали)": "74.00",
        "Завдання:Самостійне завдання №3 Рекурсія та модульна архітектура для специфікації вимог (Бали)": "80.00",
        "Завдання:Самостійне завдання №4 Основи об'єктно-орієнтованого програмування із фокусом на вимоги до програмного забезпечення (Бали)": "80.00",
        "Завдання:Самостійне завдання №5 Продвинуті аспекти ООП для вирішення складних завдань аналізу вимог і роботи з файлами (Бали)": "80.00",
        "Завдання:Самостійне завдання №6 Робота з базами даних у контексті вимог до якості ПЗ (Бали)": "80.00",
        "Завдання:Самостійне завдання №7 Розробка графічних додатків та ігор з урахуванням стандартів якості та вимог до ПЗ (Бали)": "-",
        "Завдання:Самостійне завдання №8 Розробка графічних додатків та ігор з урахуванням стандартів якості та вимог до ПЗ (Бали)": "-",
        "Завдання:Самостійне завдання №9 Введення у веб-розробку з Django: вимоги до якості та надійності веб-додатків (Бали)": "75.00",
        "Завдання:Самостійне завдання №10 Поглиблене вивчення Django з акцентом на високоякісну веб-розробку і вимоги до ПЗ (Бали)": "80.00",
        "Завдання:Самостійне завдання №11 Поглиблене вивчення Django з акцентом на високоякісну веб-розробку і вимоги до ПЗ (Template) (Бали)": "80.00",
        "Останні завантаження з цього курсу": "1715231409"
    },
    {
        "Ім'я": "Клим Ілліч",
        "Прізвище": "Грязін",
        "Індивідуальний номер": "",
        "Заклад": "",
        "Відділ": "",
        "Електронна пошта": "griazin.ki@stud.2022.dut",
        "Завдання:Самостійне завдання №1 Основи вимог розробки програмного забезпечення (Бали)": "80.00",
        "Завдання:Самостійне завдання №2 Керуючі конструкції, рядки, колекції та функції у контексті формулювання вимог (Бали)": "0.00",
        "Завдання:Самостійне завдання №3 Рекурсія та модульна архітектура для специфікації вимог (Бали)": "60.00",
        "Завдання:Самостійне завдання №4 Основи об'єктно-орієнтованого програмування із фокусом на вимоги до програмного забезпечення (Бали)": "70.00",
        "Завдання:Самостійне завдання №5 Продвинуті аспекти ООП для вирішення складних завдань аналізу вимог і роботи з файлами (Бали)": "-",
        "Завдання:Самостійне завдання №6 Робота з базами даних у контексті вимог до якості ПЗ (Бали)": "-",
        "Завдання:Самостійне завдання №7 Розробка графічних додатків та ігор з урахуванням стандартів якості та вимог до ПЗ (Бали)": "-",
        "Завдання:Самостійне завдання №8 Розробка графічних додатків та ігор з урахуванням стандартів якості та вимог до ПЗ (Бали)": "-",
        "Завдання:Самостійне завдання №9 Введення у веб-розробку з Django: вимоги до якості та надійності веб-додатків (Бали)": "-",
        "Завдання:Самостійне завдання №10 Поглиблене вивчення Django з акцентом на високоякісну веб-розробку і вимоги до ПЗ (Бали)": "-",
        "Завдання:Самостійне завдання №11 Поглиблене вивчення Django з акцентом на високоякісну веб-розробку і вимоги до ПЗ (Template) (Бали)": "-",
        "Останні завантаження з цього курсу": "1715231409"
    },
    {
        "Ім'я": "Антон Володимирович",
        "Прізвище": "Дулєпа",
        "Індивідуальний номер": "",
        "Заклад": "",
        "Відділ": "",
        "Електронна пошта": "dulepa.av@stud.2022.dut",
        "Завдання:Самостійне завдання №1 Основи вимог розробки програмного забезпечення (Бали)": "-",
        "Завдання:Самостійне завдання №2 Керуючі конструкції, рядки, колекції та функції у контексті формулювання вимог (Бали)": "-",
        "Завдання:Самостійне завдання №3 Рекурсія та модульна архітектура для специфікації вимог (Бали)": "-",
        "Завдання:Самостійне завдання №4 Основи об'єктно-орієнтованого програмування із фокусом на вимоги до програмного забезпечення (Бали)": "-",
        "Завдання:Самостійне завдання №5 Продвинуті аспекти ООП для вирішення складних завдань аналізу вимог і роботи з файлами (Бали)": "-",
        "Завдання:Самостійне завдання №6 Робота з базами даних у контексті вимог до якості ПЗ (Бали)": "-",
        "Завдання:Самостійне завдання №7 Розробка графічних додатків та ігор з урахуванням стандартів якості та вимог до ПЗ (Бали)": "-",
        "Завдання:Самостійне завдання №8 Розробка графічних додатків та ігор з урахуванням стандартів якості та вимог до ПЗ (Бали)": "-",
        "Завдання:Самостійне завдання №9 Введення у веб-розробку з Django: вимоги до якості та надійності веб-додатків (Бали)": "-",
        "Завдання:Самостійне завдання №10 Поглиблене вивчення Django з акцентом на високоякісну веб-розробку і вимоги до ПЗ (Бали)": "-",
        "Завдання:Самостійне завдання №11 Поглиблене вивчення Django з акцентом на високоякісну веб-розробку і вимоги до ПЗ (Template) (Бали)": "-",
        "Останні завантаження з цього курсу": "1715231409"
    },
    {
        "Ім'я": "Олександр Євгенович",
        "Прізвище": "Єфимов",
        "Індивідуальний номер": "",
        "Заклад": "",
        "Відділ": "",
        "Електронна пошта": "efymov.oe@stud.2022.dut",
        "Завдання:Самостійне завдання №1 Основи вимог розробки програмного забезпечення (Бали)": "80.00",
        "Завдання:Самостійне завдання №2 Керуючі конструкції, рядки, колекції та функції у контексті формулювання вимог (Бали)": "-",
        "Завдання:Самостійне завдання №3 Рекурсія та модульна архітектура для специфікації вимог (Бали)": "80.00",
        "Завдання:Самостійне завдання №4 Основи об'єктно-орієнтованого програмування із фокусом на вимоги до програмного забезпечення (Бали)": "-",
        "Завдання:Самостійне завдання №5 Продвинуті аспекти ООП для вирішення складних завдань аналізу вимог і роботи з файлами (Бали)": "-",
        "Завдання:Самостійне завдання №6 Робота з базами даних у контексті вимог до якості ПЗ (Бали)": "-",
        "Завдання:Самостійне завдання №7 Розробка графічних додатків та ігор з урахуванням стандартів якості та вимог до ПЗ (Бали)": "-",
        "Завдання:Самостійне завдання №8 Розробка графічних додатків та ігор з урахуванням стандартів якості та вимог до ПЗ (Бали)": "-",
        "Завдання:Самостійне завдання №9 Введення у веб-розробку з Django: вимоги до якості та надійності веб-додатків (Бали)": "75.00",
        "Завдання:Самостійне завдання №10 Поглиблене вивчення Django з акцентом на високоякісну веб-розробку і вимоги до ПЗ (Бали)": "80.00",
        "Завдання:Самостійне завдання №11 Поглиблене вивчення Django з акцентом на високоякісну веб-розробку і вимоги до ПЗ (Template) (Бали)": "-",
        "Останні завантаження з цього курсу": "1715231409"
    },
    {
        "Ім'я": "Олександр Олександрович",
        "Прізвище": "Замай",
        "Індивідуальний номер": "",
        "Заклад": "",
        "Відділ": "",
        "Електронна пошта": "zamai.oo@stud.2022.dut",
        "Завдання:Самостійне завдання №1 Основи вимог розробки програмного забезпечення (Бали)": "80.00",
        "Завдання:Самостійне завдання №2 Керуючі конструкції, рядки, колекції та функції у контексті формулювання вимог (Бали)": "79.00",
        "Завдання:Самостійне завдання №3 Рекурсія та модульна архітектура для специфікації вимог (Бали)": "80.00",
        "Завдання:Самостійне завдання №4 Основи об'єктно-орієнтованого програмування із фокусом на вимоги до програмного забезпечення (Бали)": "70.00",
        "Завдання:Самостійне завдання №5 Продвинуті аспекти ООП для вирішення складних завдань аналізу вимог і роботи з файлами (Бали)": "30.00",
        "Завдання:Самостійне завдання №6 Робота з базами даних у контексті вимог до якості ПЗ (Бали)": "80.00",
        "Завдання:Самостійне завдання №7 Розробка графічних додатків та ігор з урахуванням стандартів якості та вимог до ПЗ (Бали)": "75.00",
        "Завдання:Самостійне завдання №8 Розробка графічних додатків та ігор з урахуванням стандартів якості та вимог до ПЗ (Бали)": "-",
        "Завдання:Самостійне завдання №9 Введення у веб-розробку з Django: вимоги до якості та надійності веб-додатків (Бали)": "75.00",
        "Завдання:Самостійне завдання №10 Поглиблене вивчення Django з акцентом на високоякісну веб-розробку і вимоги до ПЗ (Бали)": "10.00",
        "Завдання:Самостійне завдання №11 Поглиблене вивчення Django з акцентом на високоякісну веб-розробку і вимоги до ПЗ (Template) (Бали)": "79.00",
        "Останні завантаження з цього курсу": "1715231409"
    },
    {
        "Ім'я": "Віталій Валерійович",
        "Прізвище": "Касяненко",
        "Індивідуальний номер": "",
        "Заклад": "",
        "Відділ": "",
        "Електронна пошта": "kasianenko.vv@stud.2022.dut",
        "Завдання:Самостійне завдання №1 Основи вимог розробки програмного забезпечення (Бали)": "90.00",
        "Завдання:Самостійне завдання №2 Керуючі конструкції, рядки, колекції та функції у контексті формулювання вимог (Бали)": "76.00",
        "Завдання:Самостійне завдання №3 Рекурсія та модульна архітектура для специфікації вимог (Бали)": "80.00",
        "Завдання:Самостійне завдання №4 Основи об'єктно-орієнтованого програмування із фокусом на вимоги до програмного забезпечення (Бали)": "-",
        "Завдання:Самостійне завдання №5 Продвинуті аспекти ООП для вирішення складних завдань аналізу вимог і роботи з файлами (Бали)": "50.00",
        "Завдання:Самостійне завдання №6 Робота з базами даних у контексті вимог до якості ПЗ (Бали)": "80.00",
        "Завдання:Самостійне завдання №7 Розробка графічних додатків та ігор з урахуванням стандартів якості та вимог до ПЗ (Бали)": "70.00",
        "Завдання:Самостійне завдання №8 Розробка графічних додатків та ігор з урахуванням стандартів якості та вимог до ПЗ (Бали)": "0.00",
        "Завдання:Самостійне завдання №9 Введення у веб-розробку з Django: вимоги до якості та надійності веб-додатків (Бали)": "80.00",
        "Завдання:Самостійне завдання №10 Поглиблене вивчення Django з акцентом на високоякісну веб-розробку і вимоги до ПЗ (Бали)": "80.00",
        "Завдання:Самостійне завдання №11 Поглиблене вивчення Django з акцентом на високоякісну веб-розробку і вимоги до ПЗ (Template) (Бали)": "0.00",
        "Останні завантаження з цього курсу": "1715231409"
    },
    {
        "Ім'я": "Владислав Андрійович",
        "Прізвище": "Кімачинський",
        "Індивідуальний номер": "",
        "Заклад": "",
        "Відділ": "",
        "Електронна пошта": "kimachynskyi.va@stud.2022.dut",
        "Завдання:Самостійне завдання №1 Основи вимог розробки програмного забезпечення (Бали)": "-",
        "Завдання:Самостійне завдання №2 Керуючі конструкції, рядки, колекції та функції у контексті формулювання вимог (Бали)": "-",
        "Завдання:Самостійне завдання №3 Рекурсія та модульна архітектура для специфікації вимог (Бали)": "-",
        "Завдання:Самостійне завдання №4 Основи об'єктно-орієнтованого програмування із фокусом на вимоги до програмного забезпечення (Бали)": "-",
        "Завдання:Самостійне завдання №5 Продвинуті аспекти ООП для вирішення складних завдань аналізу вимог і роботи з файлами (Бали)": "-",
        "Завдання:Самостійне завдання №6 Робота з базами даних у контексті вимог до якості ПЗ (Бали)": "-",
        "Завдання:Самостійне завдання №7 Розробка графічних додатків та ігор з урахуванням стандартів якості та вимог до ПЗ (Бали)": "-",
        "Завдання:Самостійне завдання №8 Розробка графічних додатків та ігор з урахуванням стандартів якості та вимог до ПЗ (Бали)": "-",
        "Завдання:Самостійне завдання №9 Введення у веб-розробку з Django: вимоги до якості та надійності веб-додатків (Бали)": "-",
        "Завдання:Самостійне завдання №10 Поглиблене вивчення Django з акцентом на високоякісну веб-розробку і вимоги до ПЗ (Бали)": "-",
        "Завдання:Самостійне завдання №11 Поглиблене вивчення Django з акцентом на високоякісну веб-розробку і вимоги до ПЗ (Template) (Бали)": "-",
        "Останні завантаження з цього курсу": "1715231409"
    },
    {
        "Ім'я": "Богдана Олександрівна",
        "Прізвище": "Коврига",
        "Індивідуальний номер": "",
        "Заклад": "",
        "Відділ": "",
        "Електронна пошта": "kovryga.bo@stud.2022.dut",
        "Завдання:Самостійне завдання №1 Основи вимог розробки програмного забезпечення (Бали)": "70.00",
        "Завдання:Самостійне завдання №2 Керуючі конструкції, рядки, колекції та функції у контексті формулювання вимог (Бали)": "78.00",
        "Завдання:Самостійне завдання №3 Рекурсія та модульна архітектура для специфікації вимог (Бали)": "70.00",
        "Завдання:Самостійне завдання №4 Основи об'єктно-орієнтованого програмування із фокусом на вимоги до програмного забезпечення (Бали)": "70.00",
        "Завдання:Самостійне завдання №5 Продвинуті аспекти ООП для вирішення складних завдань аналізу вимог і роботи з файлами (Бали)": "70.00",
        "Завдання:Самостійне завдання №6 Робота з базами даних у контексті вимог до якості ПЗ (Бали)": "80.00",
        "Завдання:Самостійне завдання №7 Розробка графічних додатків та ігор з урахуванням стандартів якості та вимог до ПЗ (Бали)": "70.00",
        "Завдання:Самостійне завдання №8 Розробка графічних додатків та ігор з урахуванням стандартів якості та вимог до ПЗ (Бали)": "75.00",
        "Завдання:Самостійне завдання №9 Введення у веб-розробку з Django: вимоги до якості та надійності веб-додатків (Бали)": "75.00",
        "Завдання:Самостійне завдання №10 Поглиблене вивчення Django з акцентом на високоякісну веб-розробку і вимоги до ПЗ (Бали)": "80.00",
        "Завдання:Самостійне завдання №11 Поглиблене вивчення Django з акцентом на високоякісну веб-розробку і вимоги до ПЗ (Template) (Бали)": "60.00",
        "Останні завантаження з цього курсу": "1715231409"
    },
    {
        "Ім'я": "Андрій Олександрович",
        "Прізвище": "Кугаївський",
        "Індивідуальний номер": "",
        "Заклад": "",
        "Відділ": "",
        "Електронна пошта": "kugaivskyi.ao@stud.2022.dut",
        "Завдання:Самостійне завдання №1 Основи вимог розробки програмного забезпечення (Бали)": "-",
        "Завдання:Самостійне завдання №2 Керуючі конструкції, рядки, колекції та функції у контексті формулювання вимог (Бали)": "-",
        "Завдання:Самостійне завдання №3 Рекурсія та модульна архітектура для специфікації вимог (Бали)": "80.00",
        "Завдання:Самостійне завдання №4 Основи об'єктно-орієнтованого програмування із фокусом на вимоги до програмного забезпечення (Бали)": "70.00",
        "Завдання:Самостійне завдання №5 Продвинуті аспекти ООП для вирішення складних завдань аналізу вимог і роботи з файлами (Бали)": "-",
        "Завдання:Самостійне завдання №6 Робота з базами даних у контексті вимог до якості ПЗ (Бали)": "80.00",
        "Завдання:Самостійне завдання №7 Розробка графічних додатків та ігор з урахуванням стандартів якості та вимог до ПЗ (Бали)": "75.00",
        "Завдання:Самостійне завдання №8 Розробка графічних додатків та ігор з урахуванням стандартів якості та вимог до ПЗ (Бали)": "80.00",
        "Завдання:Самостійне завдання №9 Введення у веб-розробку з Django: вимоги до якості та надійності веб-додатків (Бали)": "-",
        "Завдання:Самостійне завдання №10 Поглиблене вивчення Django з акцентом на високоякісну веб-розробку і вимоги до ПЗ (Бали)": "10.00",
        "Завдання:Самостійне завдання №11 Поглиблене вивчення Django з акцентом на високоякісну веб-розробку і вимоги до ПЗ (Template) (Бали)": "50.00",
        "Останні завантаження з цього курсу": "1715231409"
    },
    {
        "Ім'я": "Павло Олександрович",
        "Прізвище": "Кузнецов",
        "Індивідуальний номер": "",
        "Заклад": "",
        "Відділ": "",
        "Електронна пошта": "kuznetsov.po@stud.2022.dut",
        "Завдання:Самостійне завдання №1 Основи вимог розробки програмного забезпечення (Бали)": "80.00",
        "Завдання:Самостійне завдання №2 Керуючі конструкції, рядки, колекції та функції у контексті формулювання вимог (Бали)": "79.00",
        "Завдання:Самостійне завдання №3 Рекурсія та модульна архітектура для специфікації вимог (Бали)": "80.00",
        "Завдання:Самостійне завдання №4 Основи об'єктно-орієнтованого програмування із фокусом на вимоги до програмного забезпечення (Бали)": "70.00",
        "Завдання:Самостійне завдання №5 Продвинуті аспекти ООП для вирішення складних завдань аналізу вимог і роботи з файлами (Бали)": "60.00",
        "Завдання:Самостійне завдання №6 Робота з базами даних у контексті вимог до якості ПЗ (Бали)": "-",
        "Завдання:Самостійне завдання №7 Розробка графічних додатків та ігор з урахуванням стандартів якості та вимог до ПЗ (Бали)": "80.00",
        "Завдання:Самостійне завдання №8 Розробка графічних додатків та ігор з урахуванням стандартів якості та вимог до ПЗ (Бали)": "-",
        "Завдання:Самостійне завдання №9 Введення у веб-розробку з Django: вимоги до якості та надійності веб-додатків (Бали)": "79.00",
        "Завдання:Самостійне завдання №10 Поглиблене вивчення Django з акцентом на високоякісну веб-розробку і вимоги до ПЗ (Бали)": "0.00",
        "Завдання:Самостійне завдання №11 Поглиблене вивчення Django з акцентом на високоякісну веб-розробку і вимоги до ПЗ (Template) (Бали)": "80.00",
        "Останні завантаження з цього курсу": "1715231409"
    },
    {
        "Ім'я": "Валерія Анатоліївна",
        "Прізвище": "Лапуцька",
        "Індивідуальний номер": "",
        "Заклад": "",
        "Відділ": "",
        "Електронна пошта": "laputska.va@stud.2022.dut",
        "Завдання:Самостійне завдання №1 Основи вимог розробки програмного забезпечення (Бали)": "100.00",
        "Завдання:Самостійне завдання №2 Керуючі конструкції, рядки, колекції та функції у контексті формулювання вимог (Бали)": "79.00",
        "Завдання:Самостійне завдання №3 Рекурсія та модульна архітектура для специфікації вимог (Бали)": "80.00",
        "Завдання:Самостійне завдання №4 Основи об'єктно-орієнтованого програмування із фокусом на вимоги до програмного забезпечення (Бали)": "100.00",
        "Завдання:Самостійне завдання №5 Продвинуті аспекти ООП для вирішення складних завдань аналізу вимог і роботи з файлами (Бали)": "80.00",
        "Завдання:Самостійне завдання №6 Робота з базами даних у контексті вимог до якості ПЗ (Бали)": "80.00",
        "Завдання:Самостійне завдання №7 Розробка графічних додатків та ігор з урахуванням стандартів якості та вимог до ПЗ (Бали)": "80.00",
        "Завдання:Самостійне завдання №8 Розробка графічних додатків та ігор з урахуванням стандартів якості та вимог до ПЗ (Бали)": "60.00",
        "Завдання:Самостійне завдання №9 Введення у веб-розробку з Django: вимоги до якості та надійності веб-додатків (Бали)": "85.00",
        "Завдання:Самостійне завдання №10 Поглиблене вивчення Django з акцентом на високоякісну веб-розробку і вимоги до ПЗ (Бали)": "80.00",
        "Завдання:Самостійне завдання №11 Поглиблене вивчення Django з акцентом на високоякісну веб-розробку і вимоги до ПЗ (Template) (Бали)": "-",
        "Останні завантаження з цього курсу": "1715231409"
    },
    {
        "Ім'я": "Владислав Валерійович",
        "Прізвище": "Манзюк",
        "Індивідуальний номер": "",
        "Заклад": "",
        "Відділ": "",
        "Електронна пошта": "manziuk.vv@stud.2022.dut",
        "Завдання:Самостійне завдання №1 Основи вимог розробки програмного забезпечення (Бали)": "-",
        "Завдання:Самостійне завдання №2 Керуючі конструкції, рядки, колекції та функції у контексті формулювання вимог (Бали)": "-",
        "Завдання:Самостійне завдання №3 Рекурсія та модульна архітектура для специфікації вимог (Бали)": "-",
        "Завдання:Самостійне завдання №4 Основи об'єктно-орієнтованого програмування із фокусом на вимоги до програмного забезпечення (Бали)": "-",
        "Завдання:Самостійне завдання №5 Продвинуті аспекти ООП для вирішення складних завдань аналізу вимог і роботи з файлами (Бали)": "-",
        "Завдання:Самостійне завдання №6 Робота з базами даних у контексті вимог до якості ПЗ (Бали)": "-",
        "Завдання:Самостійне завдання №7 Розробка графічних додатків та ігор з урахуванням стандартів якості та вимог до ПЗ (Бали)": "-",
        "Завдання:Самостійне завдання №8 Розробка графічних додатків та ігор з урахуванням стандартів якості та вимог до ПЗ (Бали)": "-",
        "Завдання:Самостійне завдання №9 Введення у веб-розробку з Django: вимоги до якості та надійності веб-додатків (Бали)": "-",
        "Завдання:Самостійне завдання №10 Поглиблене вивчення Django з акцентом на високоякісну веб-розробку і вимоги до ПЗ (Бали)": "-",
        "Завдання:Самостійне завдання №11 Поглиблене вивчення Django з акцентом на високоякісну веб-розробку і вимоги до ПЗ (Template) (Бали)": "-",
        "Останні завантаження з цього курсу": "1715231409"
    },
    {
        "Ім'я": "Артем Русланович",
        "Прізвище": "Марущак",
        "Індивідуальний номер": "",
        "Заклад": "",
        "Відділ": "",
        "Електронна пошта": "marushchak.ar@stud.2022.dut",
        "Завдання:Самостійне завдання №1 Основи вимог розробки програмного забезпечення (Бали)": "60.00",
        "Завдання:Самостійне завдання №2 Керуючі конструкції, рядки, колекції та функції у контексті формулювання вимог (Бали)": "-",
        "Завдання:Самостійне завдання №3 Рекурсія та модульна архітектура для специфікації вимог (Бали)": "-",
        "Завдання:Самостійне завдання №4 Основи об'єктно-орієнтованого програмування із фокусом на вимоги до програмного забезпечення (Бали)": "-",
        "Завдання:Самостійне завдання №5 Продвинуті аспекти ООП для вирішення складних завдань аналізу вимог і роботи з файлами (Бали)": "-",
        "Завдання:Самостійне завдання №6 Робота з базами даних у контексті вимог до якості ПЗ (Бали)": "-",
        "Завдання:Самостійне завдання №7 Розробка графічних додатків та ігор з урахуванням стандартів якості та вимог до ПЗ (Бали)": "-",
        "Завдання:Самостійне завдання №8 Розробка графічних додатків та ігор з урахуванням стандартів якості та вимог до ПЗ (Бали)": "-",
        "Завдання:Самостійне завдання №9 Введення у веб-розробку з Django: вимоги до якості та надійності веб-додатків (Бали)": "75.00",
        "Завдання:Самостійне завдання №10 Поглиблене вивчення Django з акцентом на високоякісну веб-розробку і вимоги до ПЗ (Бали)": "10.00",
        "Завдання:Самостійне завдання №11 Поглиблене вивчення Django з акцентом на високоякісну веб-розробку і вимоги до ПЗ (Template) (Бали)": "-",
        "Останні завантаження з цього курсу": "1715231409"
    },
    {
        "Ім'я": "Ірина Валеріївна",
        "Прізвище": "Перната",
        "Індивідуальний номер": "",
        "Заклад": "",
        "Відділ": "",
        "Електронна пошта": "pernata.iv@stud.2022.dut",
        "Завдання:Самостійне завдання №1 Основи вимог розробки програмного забезпечення (Бали)": "100.00",
        "Завдання:Самостійне завдання №2 Керуючі конструкції, рядки, колекції та функції у контексті формулювання вимог (Бали)": "100.00",
        "Завдання:Самостійне завдання №3 Рекурсія та модульна архітектура для специфікації вимог (Бали)": "100.00",
        "Завдання:Самостійне завдання №4 Основи об'єктно-орієнтованого програмування із фокусом на вимоги до програмного забезпечення (Бали)": "100.00",
        "Завдання:Самостійне завдання №5 Продвинуті аспекти ООП для вирішення складних завдань аналізу вимог і роботи з файлами (Бали)": "80.00",
        "Завдання:Самостійне завдання №6 Робота з базами даних у контексті вимог до якості ПЗ (Бали)": "80.00",
        "Завдання:Самостійне завдання №7 Розробка графічних додатків та ігор з урахуванням стандартів якості та вимог до ПЗ (Бали)": "80.00",
        "Завдання:Самостійне завдання №8 Розробка графічних додатків та ігор з урахуванням стандартів якості та вимог до ПЗ (Бали)": "-",
        "Завдання:Самостійне завдання №9 Введення у веб-розробку з Django: вимоги до якості та надійності веб-додатків (Бали)": "75.00",
        "Завдання:Самостійне завдання №10 Поглиблене вивчення Django з акцентом на високоякісну веб-розробку і вимоги до ПЗ (Бали)": "85.00",
        "Завдання:Самостійне завдання №11 Поглиблене вивчення Django з акцентом на високоякісну веб-розробку і вимоги до ПЗ (Template) (Бали)": "80.00",
        "Останні завантаження з цього курсу": "1715231409"
    },
    {
        "Ім'я": "Ярослав Олексійович",
        "Прізвище": "Поліщук",
        "Індивідуальний номер": "",
        "Заклад": "",
        "Відділ": "",
        "Електронна пошта": "polishchuk.yo@stud.2022.dut",
        "Завдання:Самостійне завдання №1 Основи вимог розробки програмного забезпечення (Бали)": "80.00",
        "Завдання:Самостійне завдання №2 Керуючі конструкції, рядки, колекції та функції у контексті формулювання вимог (Бали)": "79.00",
        "Завдання:Самостійне завдання №3 Рекурсія та модульна архітектура для специфікації вимог (Бали)": "80.00",
        "Завдання:Самостійне завдання №4 Основи об'єктно-орієнтованого програмування із фокусом на вимоги до програмного забезпечення (Бали)": "-",
        "Завдання:Самостійне завдання №5 Продвинуті аспекти ООП для вирішення складних завдань аналізу вимог і роботи з файлами (Бали)": "20.00",
        "Завдання:Самостійне завдання №6 Робота з базами даних у контексті вимог до якості ПЗ (Бали)": "-",
        "Завдання:Самостійне завдання №7 Розробка графічних додатків та ігор з урахуванням стандартів якості та вимог до ПЗ (Бали)": "-",
        "Завдання:Самостійне завдання №8 Розробка графічних додатків та ігор з урахуванням стандартів якості та вимог до ПЗ (Бали)": "55.00",
        "Завдання:Самостійне завдання №9 Введення у веб-розробку з Django: вимоги до якості та надійності веб-додатків (Бали)": "-",
        "Завдання:Самостійне завдання №10 Поглиблене вивчення Django з акцентом на високоякісну веб-розробку і вимоги до ПЗ (Бали)": "0.00",
        "Завдання:Самостійне завдання №11 Поглиблене вивчення Django з акцентом на високоякісну веб-розробку і вимоги до ПЗ (Template) (Бали)": "79.00",
        "Останні завантаження з цього курсу": "1715231409"
    },
    {
        "Ім'я": "Олександр Олександрович",
        "Прізвище": "Помазан",
        "Індивідуальний номер": "",
        "Заклад": "",
        "Відділ": "",
        "Електронна пошта": "pomazan.oo@stud.2022.dut",
        "Завдання:Самостійне завдання №1 Основи вимог розробки програмного забезпечення (Бали)": "70.00",
        "Завдання:Самостійне завдання №2 Керуючі конструкції, рядки, колекції та функції у контексті формулювання вимог (Бали)": "-",
        "Завдання:Самостійне завдання №3 Рекурсія та модульна архітектура для специфікації вимог (Бали)": "-",
        "Завдання:Самостійне завдання №4 Основи об'єктно-орієнтованого програмування із фокусом на вимоги до програмного забезпечення (Бали)": "-",
        "Завдання:Самостійне завдання №5 Продвинуті аспекти ООП для вирішення складних завдань аналізу вимог і роботи з файлами (Бали)": "-",
        "Завдання:Самостійне завдання №6 Робота з базами даних у контексті вимог до якості ПЗ (Бали)": "-",
        "Завдання:Самостійне завдання №7 Розробка графічних додатків та ігор з урахуванням стандартів якості та вимог до ПЗ (Бали)": "-",
        "Завдання:Самостійне завдання №8 Розробка графічних додатків та ігор з урахуванням стандартів якості та вимог до ПЗ (Бали)": "-",
        "Завдання:Самостійне завдання №9 Введення у веб-розробку з Django: вимоги до якості та надійності веб-додатків (Бали)": "75.00",
        "Завдання:Самостійне завдання №10 Поглиблене вивчення Django з акцентом на високоякісну веб-розробку і вимоги до ПЗ (Бали)": "10.00",
        "Завдання:Самостійне завдання №11 Поглиблене вивчення Django з акцентом на високоякісну веб-розробку і вимоги до ПЗ (Template) (Бали)": "-",
        "Останні завантаження з цього курсу": "1715231409"
    },
    {
        "Ім'я": "Остап Ігорович",
        "Прізвище": "Селіверстов",
        "Індивідуальний номер": "",
        "Заклад": "",
        "Відділ": "",
        "Електронна пошта": "seliverstov.oi@stud.2022.dut",
        "Завдання:Самостійне завдання №1 Основи вимог розробки програмного забезпечення (Бали)": "-",
        "Завдання:Самостійне завдання №2 Керуючі конструкції, рядки, колекції та функції у контексті формулювання вимог (Бали)": "-",
        "Завдання:Самостійне завдання №3 Рекурсія та модульна архітектура для специфікації вимог (Бали)": "-",
        "Завдання:Самостійне завдання №4 Основи об'єктно-орієнтованого програмування із фокусом на вимоги до програмного забезпечення (Бали)": "-",
        "Завдання:Самостійне завдання №5 Продвинуті аспекти ООП для вирішення складних завдань аналізу вимог і роботи з файлами (Бали)": "-",
        "Завдання:Самостійне завдання №6 Робота з базами даних у контексті вимог до якості ПЗ (Бали)": "-",
        "Завдання:Самостійне завдання №7 Розробка графічних додатків та ігор з урахуванням стандартів якості та вимог до ПЗ (Бали)": "-",
        "Завдання:Самостійне завдання №8 Розробка графічних додатків та ігор з урахуванням стандартів якості та вимог до ПЗ (Бали)": "-",
        "Завдання:Самостійне завдання №9 Введення у веб-розробку з Django: вимоги до якості та надійності веб-додатків (Бали)": "-",
        "Завдання:Самостійне завдання №10 Поглиблене вивчення Django з акцентом на високоякісну веб-розробку і вимоги до ПЗ (Бали)": "-",
        "Завдання:Самостійне завдання №11 Поглиблене вивчення Django з акцентом на високоякісну веб-розробку і вимоги до ПЗ (Template) (Бали)": "-",
        "Останні завантаження з цього курсу": "1715231409"
    },
    {
        "Ім'я": "Ігор Олександрович",
        "Прізвище": "Тихонченко",
        "Індивідуальний номер": "",
        "Заклад": "",
        "Відділ": "",
        "Електронна пошта": "tykhonchenko.io@stud.2022.dut",
        "Завдання:Самостійне завдання №1 Основи вимог розробки програмного забезпечення (Бали)": "100.00",
        "Завдання:Самостійне завдання №2 Керуючі конструкції, рядки, колекції та функції у контексті формулювання вимог (Бали)": "80.00",
        "Завдання:Самостійне завдання №3 Рекурсія та модульна архітектура для специфікації вимог (Бали)": "80.00",
        "Завдання:Самостійне завдання №4 Основи об'єктно-орієнтованого програмування із фокусом на вимоги до програмного забезпечення (Бали)": "80.00",
        "Завдання:Самостійне завдання №5 Продвинуті аспекти ООП для вирішення складних завдань аналізу вимог і роботи з файлами (Бали)": "80.00",
        "Завдання:Самостійне завдання №6 Робота з базами даних у контексті вимог до якості ПЗ (Бали)": "80.00",
        "Завдання:Самостійне завдання №7 Розробка графічних додатків та ігор з урахуванням стандартів якості та вимог до ПЗ (Бали)": "80.00",
        "Завдання:Самостійне завдання №8 Розробка графічних додатків та ігор з урахуванням стандартів якості та вимог до ПЗ (Бали)": "-",
        "Завдання:Самостійне завдання №9 Введення у веб-розробку з Django: вимоги до якості та надійності веб-додатків (Бали)": "80.00",
        "Завдання:Самостійне завдання №10 Поглиблене вивчення Django з акцентом на високоякісну веб-розробку і вимоги до ПЗ (Бали)": "80.00",
        "Завдання:Самостійне завдання №11 Поглиблене вивчення Django з акцентом на високоякісну веб-розробку і вимоги до ПЗ (Template) (Бали)": "80.00",
        "Останні завантаження з цього курсу": "1715231409"
    },
    {
        "Ім'я": "Тарас Сергійович",
        "Прізвище": "Юрковський",
        "Індивідуальний номер": "",
        "Заклад": "",
        "Відділ": "",
        "Електронна пошта": "yurkovskyi.ts@stud.2022.dut",
        "Завдання:Самостійне завдання №1 Основи вимог розробки програмного забезпечення (Бали)": "-",
        "Завдання:Самостійне завдання №2 Керуючі конструкції, рядки, колекції та функції у контексті формулювання вимог (Бали)": "-",
        "Завдання:Самостійне завдання №3 Рекурсія та модульна архітектура для специфікації вимог (Бали)": "-",
        "Завдання:Самостійне завдання №4 Основи об'єктно-орієнтованого програмування із фокусом на вимоги до програмного забезпечення (Бали)": "-",
        "Завдання:Самостійне завдання №5 Продвинуті аспекти ООП для вирішення складних завдань аналізу вимог і роботи з файлами (Бали)": "-",
        "Завдання:Самостійне завдання №6 Робота з базами даних у контексті вимог до якості ПЗ (Бали)": "-",
        "Завдання:Самостійне завдання №7 Розробка графічних додатків та ігор з урахуванням стандартів якості та вимог до ПЗ (Бали)": "-",
        "Завдання:Самостійне завдання №8 Розробка графічних додатків та ігор з урахуванням стандартів якості та вимог до ПЗ (Бали)": "-",
        "Завдання:Самостійне завдання №9 Введення у веб-розробку з Django: вимоги до якості та надійності веб-додатків (Бали)": "-",
        "Завдання:Самостійне завдання №10 Поглиблене вивчення Django з акцентом на високоякісну веб-розробку і вимоги до ПЗ (Бали)": "-",
        "Завдання:Самостійне завдання №11 Поглиблене вивчення Django з акцентом на високоякісну веб-розробку і вимоги до ПЗ (Template) (Бали)": "-",
        "Останні завантаження з цього курсу": "1715231409"
    },
    {
        "Ім'я": "Даніл Олександрович",
        "Прізвище": "Ядлось",
        "Індивідуальний номер": "",
        "Заклад": "",
        "Відділ": "",
        "Електронна пошта": "yadlos.do@stud.2021.dut",
        "Завдання:Самостійне завдання №1 Основи вимог розробки програмного забезпечення (Бали)": "-",
        "Завдання:Самостійне завдання №2 Керуючі конструкції, рядки, колекції та функції у контексті формулювання вимог (Бали)": "-",
        "Завдання:Самостійне завдання №3 Рекурсія та модульна архітектура для специфікації вимог (Бали)": "-",
        "Завдання:Самостійне завдання №4 Основи об'єктно-орієнтованого програмування із фокусом на вимоги до програмного забезпечення (Бали)": "-",
        "Завдання:Самостійне завдання №5 Продвинуті аспекти ООП для вирішення складних завдань аналізу вимог і роботи з файлами (Бали)": "-",
        "Завдання:Самостійне завдання №6 Робота з базами даних у контексті вимог до якості ПЗ (Бали)": "-",
        "Завдання:Самостійне завдання №7 Розробка графічних додатків та ігор з урахуванням стандартів якості та вимог до ПЗ (Бали)": "-",
        "Завдання:Самостійне завдання №8 Розробка графічних додатків та ігор з урахуванням стандартів якості та вимог до ПЗ (Бали)": "-",
        "Завдання:Самостійне завдання №9 Введення у веб-розробку з Django: вимоги до якості та надійності веб-додатків (Бали)": "-",
        "Завдання:Самостійне завдання №10 Поглиблене вивчення Django з акцентом на високоякісну веб-розробку і вимоги до ПЗ (Бали)": "-",
        "Завдання:Самостійне завдання №11 Поглиблене вивчення Django з акцентом на високоякісну веб-розробку і вимоги до ПЗ (Template) (Бали)": "-",
        "Останні завантаження з цього курсу": "1715231409"
    },
    {
        "Ім'я": "Володимир Анатолійович (ПД)",
        "Прізвище": "Яценко",
        "Індивідуальний номер": "",
        "Заклад": "",
        "Відділ": "",
        "Електронна пошта": "yatsenko.v@stud.2022.dut",
        "Завдання:Самостійне завдання №1 Основи вимог розробки програмного забезпечення (Бали)": "-",
        "Завдання:Самостійне завдання №2 Керуючі конструкції, рядки, колекції та функції у контексті формулювання вимог (Бали)": "-",
        "Завдання:Самостійне завдання №3 Рекурсія та модульна архітектура для специфікації вимог (Бали)": "-",
        "Завдання:Самостійне завдання №4 Основи об'єктно-орієнтованого програмування із фокусом на вимоги до програмного забезпечення (Бали)": "-",
        "Завдання:Самостійне завдання №5 Продвинуті аспекти ООП для вирішення складних завдань аналізу вимог і роботи з файлами (Бали)": "-",
        "Завдання:Самостійне завдання №6 Робота з базами даних у контексті вимог до якості ПЗ (Бали)": "-",
        "Завдання:Самостійне завдання №7 Розробка графічних додатків та ігор з урахуванням стандартів якості та вимог до ПЗ (Бали)": "-",
        "Завдання:Самостійне завдання №8 Розробка графічних додатків та ігор з урахуванням стандартів якості та вимог до ПЗ (Бали)": "-",
        "Завдання:Самостійне завдання №9 Введення у веб-розробку з Django: вимоги до якості та надійності веб-додатків (Бали)": "-",
        "Завдання:Самостійне завдання №10 Поглиблене вивчення Django з акцентом на високоякісну веб-розробку і вимоги до ПЗ (Бали)": "-",
        "Завдання:Самостійне завдання №11 Поглиблене вивчення Django з акцентом на високоякісну веб-розробку і вимоги до ПЗ (Template) (Бали)": "-",
        "Останні завантаження з цього курсу": "1715231409"
    }
]